{
    "name": "final_design",
    "pretty_name": "Final Design",
    "Contingency": 1.2,
    "Contingency_C2W": 1.12,
    "Weights": {
        "MTOW_N": 31187.265300000003,
        "W_L_N": 28676.592000000004,
        "OEW_N": 21260.1339,
        "MFW_N": 1390,
        "Wbat_N": 6328.627200000001,
        "Ww_N": 2972.6262,
        "Wpl_des_kg": 630,
        "Wpl_max_kg": 720,
        "W_Pilot_N": 882.9,
        "Wptr_N": 1592.6535000000001,
        "Wfuel_N": 2510.6733000000004
    },
    "Iterations Class I": {
        "MTOW_kg": 2650,
        "A": 0.3632,
        "B": -81.896,
        "Aw": 0.09,
        "Bw": 14.018,
        "Wpl_des_kg": 630
    },
    "Power_prop": {
        "E_bat_Wh": 252574.13066675168,
        "E_fuel_Wh/kg": 11972,
        "E_bat_Wh/kg": 350,
        "P_ptr_kW/kg": 1.5,
        "eta_bat": 0.97,
        "eta_generator": 0.4,
        "DoD_bat": 0.8,
        "eta_electricmotor": 0.925,
        "eta_powertrain": 0.9216,
        "eta_p": 0.8500000000000001,
        "bat": 0.133,
        "P_req_cruise_W": 233348.4842213235,
        "K_n": 0.24,
        "int_fueltanks_fraction": 0,
        "N_e": 1,
        "N_t": 2,
        "P_req_TO_W": 291685.6052766544,
        "Dp_m": 2.286,
	"Fuel_engine_P_TO_W": 368000,
        "Fuel_engine_P_max_cont_W": 338000,
        "Newton_fuel_per_W_per_S_TO": 0.00000062101634094798,
        "Newton_fuel_per_W_per_S_flight": 0.00000058448596795104,
        "Electric_engine_P_TO_W": 380000,
        "Electric_engine_P_max_cont_W": 350000    
    },
    "Geometry": {
        "fus_height_m": 2.2,
        "fus_length_m": 12.05,
        "fus_width_m": 1.8,
        "XLEMAC_m": 3.627016498190346,
        "tail_length_m": 4.7,
        "l_f_nonosecone": 9.5,
        "fuselage_max_perimeter": 6.8,
        "w_engine": 0.85,
        "h_engine": 0.75,
        "l_engine": 1.1,
        "s_engine": 0.1,
        "h_battery": 0.2286,
        "h_tail": 2.52,
        "volume_battery": 0.7,
        "w_aisle": 0.381,
        "h_aisle": 1.524,
        "w_motor": 0.54,
        "l_motor": 0.176,
        "l_empty": 0.32,
        "t_spar_tip": 0.0006085889679805376,
        "t_spar_root": 0.001539648646147833,
        "t_skin_wing": 0.0005,
        "spar_pos": [
            0.15,
            0.65
        ],
        "wing_stringer_area_m2": 0.000225,
        "wing_stringer_MOI_m4": 1.9218e-08,
        "wing_stringer_thickness_m": 0.005,
        "wing_stringer_small_length_m": 0.02,
        "wing_rib_pos": [
            0.05,
            0.1,
            0.15,
            0.2,
            0.25,
            0.3,
            0.35,
            0.4,
            0.45,
            0.5,
            0.55,
            0.6,
            0.65,
            0.72,
            0.79,
            0.86,
            0.93,
            1
        ],
        "strut_loc_b/2": 0.7,
        "strut_loc_MAC": 0.25,
        "strut_section_area_m2": 0.001,
        "wing_stringer_number": [
            17,
            9,
            7,
            36,
            34
        ],
        "wing_stringer_sections": [
            0.2,
            0.2,
            0.1,
            0.2,
            0.3
        ],
        "wingbox_material": "Aluminium"
    },
    "Aero": {
        "CLmax_clean": 2.2,
        "CLmax_TO": 2.9000000000000004,
        "CLalpha": 6.24,
        "CD0": 0.028,
        "AR": 11.0,
        "AR_HS": 5,
        "AR_v": 1.5,
        "e": 0.82,
        "Taper_Wing": 0.4,
        "Taper_HS": 0.4,
        "Taper_v": 0.45,
        "QuarterChordSweep_Wing_deg": 0,
        "QuarterChordSweep_HS_deg": 9.727578551401601,
        "QuarterChordSweep_v_deg": 25,
        "HalfChordSweep_Wing_deg": 3.297,
        "HalfChordSweep_v_deg": 28.23,
        "deda": 0,
        "VhV": 0.85,
        "S_Wing": 26.124363628748537,
        "S_h": 5.468197153656922,
        "S_v": 6.2042681388419565,
        "tc_m_Wing": 0.1367,
        "tc_m_HP": 0.12,
        "b_Wing": 16.951932040809798,
        "b_h": 5.228860848051381,
        "b_v": 3.0506396392007584,
        "t_root_max_Wing": 0.46,
        "t_root_max_h": 0.3,
        "t_root_max_v": 0.3,
        "CLmax_Land": 2.9000000000000004,
        "c_root_wing": 2.2015496156895846,
        "c_tip_wing": 0.8806198462758339,
        "c_root_HS": 1.4939602423003948,
        "c_tip_HS": 0.5975840969201579,
        "MAC_wing": 1.6354368573694056,
        "MAC_HS": 1.1097990371374362,
        "Cm_0_wing": -0.20192,
        "cd_0_airfoil": 0.014,
        "cl_alpha_airfoil_deg": 0.123,
        "c_root_v": 2.805185875127135,
        "c_tip_v": 1.2623336438072108,
        "MAC_v": 2.1312963947805015,
        "MAC_y": 0.6662316453426943
    },
    "Flaps": {
        "cprime_c": 1.075,
        "Swf": 15.629961145405108,
        "delta_f": 45,
        "mu1_land": 0.33,
        "mu2_land": 0.83,
        "mu1_takeoff": 0.33,
        "mu2_takeoff": 0.83,
        "CL0": 1.4,
        "deflection_landing": 45,
        "deflection_takeoff": 45,
        "flap_start": 0.15618258707424676,
        "flap_end": 0.7213099116138495,
        "cf_c": 0.25,
        "cprime_c_landing": 1.1,
        "cprime_c_takeoff": 1.1,
        "AoA_landing": 10.150340612478594,
        "AoA_takeoff": 13.141793603931589,
        "CL_AoA0_landing": 2.301750520856162,
        "CL_AoA0_takeoff": 1.9542715231207537,
        "deltaCLmax_land": 0.7000000000000002,
        "deltaCLmax_takeoff": 0.7000000000000002,
        "Sprime_S_landing": 1.0598290598290598,
        "Sprime_S_takeoff": 1.0598290598290598
    },
    "Aileron": {
        "start": 0.7713099116138495,
        "end": 0.95,
        "roll_rate_deg": 9.899069107046662,
        "roll_rate_rad": 0.1726837610895918,
        "CL_delta_a": 6.245252528028645e-05,
        "CL_P": -0.035841698630427576,
        "turn_time": 6.06,
        "hinge_position": 0.35,
        "Ch_0": 0.035,
        "C_h_alpha": -0.38005951543940786,
        "C_h_delta": -0.7272168658540175,
        "chord_a": 1.064684863370742,
        "surface_a": 0.5643893300971933,
        "d_aileron": 0.0637213890727389,
        "stick_arm": 0.34605886738962266
    },
    "Performance": {
        "W/S_N/m2": 1193.8,
        "W/P_N/W": 0.12065176979161106,
        "Vc_m/s": 60.0,
        "V_takeoff_m/s": 30.0,
        "M_D": 0.2551076131227289,
        "range_nm": 600,
        "endurance": 4.74871794871795,
        "climb_rate": 4.5,
        "CO2": 26.51,
        "CO2_emissions_kg/kg": 3.16,
        "Altitude_Cruise_m": 3000,
        "Altitude_Max_Cruise_m": 3700,
        "Altitude_TO_m": 750,
        "Altitude_Land_m": 750,
        "Temp_offset_TO_Land_cruise": 18,
        "n_ult": 5.266255788665315,
        "n_ult_l": 5.266255788665315,
        "n_max": 3.5108371924435433,
        "n_min": -1.4043348769774173,
        "P_cruise/P_TO": 0.8,
        "Vh_m/s": 66.66666666666667
    },
    "Landing_gear": {
        "lm_m": 0.3843928278806766,
        "ln_m": 3.904704230570396,
        "ymin_m": 1.3837266507653354,
        "Hs_m": 0.333756,
        "Dwm_m": 0.55626,
        "Dwn_m": 0.43561,
        "Wtm_m": 0.2286,
        "Wtn_m": 0.1524,
        "l_s_m": 0.333756,
        "l_s_n": 0.333756,
        "Retractable": true,
        "PMW_N": 16019.20529727511,
        "PNW_N": 3153.9739048154165,
        "Xnw_m": 0.8,
        "Xmw_m": 5.095288880634472,
        "Tipback_angle_deg": 15,
        "Scrape_angle_deg": 15,
        "Nose_gear_distance": 0.8,
        "length_main_strut": 1.3651117176399892,
        "length_nose_strut": 0.9058533693768562,
        "Hs_nose": 0.8296533693768562,
        "Hs_main": 0.333756
    },
    "Stability": {
        "Cg_Aft": 0.779578292090114,
        "Cg_Front": 0.43741060317829733,
        "Stability_Margin": 0.05,
        "X_cg_HS": 0.95,
        "C_L_h": -0.5,
        "C_L_AH": 1.72,
        "QCW_to_QCh": 6.947264837030329,
        "Xcg_prop_m": -0.1,
        "Xcg_engine_m": 1.15,
        "Xcg_motor_m": 0.42,
        "Xcg_battery_m": 5.784000000000003,
        "i_H_deg": 0,
        "Elevator_deflection_deg": 25,