{
  "Cm_0": -0.20192,
  "C_L_Alpha": 6.861169597
}