{
    "m_airfoil": 1.8984314407621123,
    "I_theta": 8.788772102843628e-06,
    "S_theta": 0.2057661945402193,
    "rho": 1.225,
    "K_h": 85138.12052943425,
    "K_theta": 46709.69724300716,
    "C_L_alpha": 6.24,
    "Sw": 1.5410847309827094,
    "a": -0.6697667491962533,
    "B": 0.6384493885499796,
    "V_arr": [
        2.220446049250313e-16,
        0.9218436873747496,
        1.843687374749499,
        2.765531062124248,
        3.687374749498998,
        4.609218436873747,
        5.531062124248496,
        6.452905811623246,
        7.374749498997995,
        8.296593186372744,
        9.218436873747494,
        10.140280561122244,
        11.062124248496993,
        11.983967935871743,
        12.905811623246493,
        13.82765531062124,
        14.74949899799599,
        15.67134268537074,
        16.59318637274549,
        17.51503006012024,
        18.43687374749499,
        19.35871743486974,
        20.28056112224449,
        21.202404809619235,
        22.124248496993985,
        23.046092184368735,
        23.967935871743485,
        24.889779559118235,
        25.811623246492985,
        26.73346693386773,
        27.65531062124248,
        28.57715430861723,
        29.49899799599198,
        30.42084168336673,
        31.34268537074148,
        32.26452905811623,
        33.18637274549098,
        34.10821643286573,
        35.03006012024048,
        35.951903807615224,
        36.87374749498998,
        37.795591182364724,
        38.71743486973948,
        39.639278557114224,
        40.56112224448898,
        41.482965931863724,
        42.40480961923847,
        43.326653306613224,
        44.24849699398797,
        45.170340681362724,
        46.09218436873747,
        47.014028056112224,
        47.93587174348697,
        48.85771543086172,
        49.77955911823647,
        50.70140280561122,
        51.62324649298597,
        52.54509018036072,
        53.46693386773546,
        54.38877755511022,
        55.31062124248496,
        56.23246492985972,
        57.15430861723446,
        58.07615230460922,
        58.99799599198396,
        59.91983967935871,
        60.84168336673346,
        61.76352705410821,
        62.68537074148296,
        63.60721442885771,
        64.52905811623246,
        65.45090180360721,
        66.37274549098196,
        67.2945891783567,
        68.21643286573146,
        69.13827655310621,
        70.06012024048096,
        70.9819639278557,
        71.90380761523045,
        72.82565130260521,
        73.74749498997996,
        74.6693386773547,
        75.59118236472945,
        76.51302605210421,
        77.43486973947896,
        78.3567134268537,
        79.27855711422845,
        80.2004008016032,
        81.12224448897796,
        82.0440881763527,
        82.96593186372745,
        83.8877755511022,
        84.80961923847694,
        85.7314629258517,
        86.65330661322645,
        87.5751503006012,
        88.49699398797594,
        89.41883767535069,
        90.34068136272545,
        91.2625250501002,
        92.18436873747494,
        93.10621242484969,
        94.02805611222445,
        94.9498997995992,
        95.87174348697394,
        96.79358717434869,
        97.71543086172343,
        98.6372745490982,
        99.55911823647294,
        100.48096192384769,
        101.40280561122243,
        102.32464929859718,
        103.24649298597194,
        104.16833667334669,
        105.09018036072143,
        106.01202404809618,
        106.93386773547093,
        107.85571142284569,
        108.77755511022043,
        109.69939879759518,
        110.62124248496993,
        111.54308617234469,
        112.46492985971943,
        113.38677354709418,
        114.30861723446893,
        115.23046092184367,
        116.15230460921843,
        117.07414829659318,
        117.99599198396793,
        118.91783567134267,
        119.83967935871742,
        120.76152304609218,
        121.68336673346693,
        122.60521042084167,
        123.52705410821642,
        124.44889779559117,
        125.37074148296593,
        126.29258517034067,
        127.21442885771542,
        128.13627254509018,
        129.05811623246493,
        129.97995991983967,
        130.90180360721442,
        131.82364729458916,
        132.7454909819639,
        133.66733466933866,
        134.5891783567134,
        135.51102204408818,
        136.43286573146293,
        137.35470941883767,
        138.27655310621242,
        139.19839679358716,
        140.1202404809619,
        141.04208416833666,
        141.9639278557114,
        142.88577154308615,
        143.8076152304609,
        144.72945891783567,
        145.65130260521042,
        146.57314629258516,
        147.4949899799599,
        148.41683366733466,
        149.3386773547094,
        150.26052104208415,
        151.1823647294589,
        152.10420841683364,
        153.02605210420842,
        153.94789579158316,
        154.8697394789579,
        155.79158316633266,
        156.7134268537074,
        157.63527054108215,
        158.5571142284569,
        159.47895791583164,
        160.4008016032064,
        161.32264529058114,
        162.2444889779559,
        163.16633266533066,
        164.0881763527054,
        165.01002004008015,
        165.9318637274549,
        166.85370741482964,
        167.7755511022044,
        168.69739478957914,
        169.61923847695388,
        170.54108216432866,
        171.4629258517034,
        172.38476953907815,
        173.3066132264529,
        174.22845691382764,
        175.1503006012024,
        176.07214428857714,
        176.99398797595188,
        177.91583166332663,
        178.83767535070137,
        179.75951903807615,
        180.6813627254509,
        181.60320641282564,
        182.5250501002004,
        183.44689378757514,
        184.36873747494988,
        185.29058116232463,
        186.21242484969937,
        187.13426853707412,
        188.0561122244489,
        188.97795591182364,
        189.8997995991984,
        190.82164328657313,
        191.74348697394788,
        192.66533066132263,
        193.58717434869737,
        194.50901803607212,
        195.43086172344687,
        196.3527054108216,
        197.2745490981964,
        198.19639278557113,
        199.11823647294588,
        200.04008016032063,
        200.96192384769537,
        201.88376753507012,
        202.80561122244487,
        203.7274549098196,
        204.64929859719436,
        205.57114228456913,
        206.49298597194388,
        207.41482965931863,
        208.33667334669337,
        209.25851703406812,
        210.18036072144287,
        211.1022044088176,
        212.02404809619236,
        212.9458917835671,
        213.86773547094185,
        214.78957915831663,
        215.71142284569137,
        216.63326653306612,
        217.55511022044087,
        218.4769539078156,
        219.39879759519036,
        220.3206412825651,
        221.24248496993985,
        222.1643286573146,
        223.08617234468937,
        224.00801603206412,
        224.92985971943887,
        225.8517034068136,
        226.77354709418836,
        227.6953907815631,
        228.61723446893785,
        229.5390781563126,
        230.46092184368734,
        231.3827655310621,
        232.30460921843687,
        233.2264529058116,
        234.14829659318636,
        235.0701402805611,
        235.99198396793585,
        236.9138276553106,
        237.83567134268534,
        238.7575150300601,
        239.67935871743484,
        240.6012024048096,
        241.52304609218436,
        242.4448897795591,
        243.36673346693385,
        244.2885771543086,
        245.21042084168334,
        246.1322645290581,
        247.05410821643284,
        247.97595190380758,
        248.89779559118233,
        249.8196392785571,
        250.74148296593185,
        251.6633266533066,
        252.58517034068134,
        253.5070140280561,
        254.42885771543084,
        255.35070140280558,
        256.27254509018036,
